#,Name,StatusField,DT,From,To,DoWorkflow,ResultFrom,ResultTo
1,MetaTag Boolean,Tag_M24,B,"1","0",Yes to No,Yes,No
2,MetaTag Boolean,Tag_M24,B,"0","1",No to Yes,No,Yes
3,MetaTag Boolean,Tag_M24,B,"0",,No to Null,No,
5,MetaTag Date,Tag_M25,D,"2010-02-01","2010-02-02",Add one Day,"2010-02-01","2010-02-02"
9,MetaTag Integer,Tag_M26,I,"22","22000000",Chang to million,"22","22000000"
12,MetaTag Integer,Tag_M26,I,"22000000","-22",Chang to million,"22000000","-22"
13,MetaTag Money,Tag_M27,C,"100.5","101.5",Add one,"100.5","101.5"
14,MetaTag Money,Tag_M27,C,"101.5","-101.5",Change to minus,"101.5","-101.5"
16,MetaTag Text List,Tag_M14,C,Letterhead,Stamp A,Letterhead to Stamp A,Letterhead,Stamp A
17,MetaTag Text List,Tag_M14,C,Stamp A,Letterhead,Stamp A to Letterhead,Stamp A,Letterhead
19,Author,Author,T,Jason,Welcome to <a href='www.google.com'>go Google</a> Welcome to <a href='www.google.com'>go Google</a> Welcome to <a href='www.google.com'>go Google</a> Welcome to <a href='www.google.com'>go Google</a> Welcome to <a href='www.google.com'>go Google</a> 1234,Change Author 255,Jason,Welcome to &lt;a href='www.google.com'&gt;go Google&lt;/a&gt; Welcome to &lt;a href='www.google.com'&gt;go Google&lt;/a&gt; Welcome to &lt;a href='www.google.com'&gt;go Google&lt;/a&gt; Welcome to &lt;a href='www.google.com'&gt;go Google&lt;/a&gt; Welcome to &lt;a href='www.google.com'&gt;go Google&lt;/a&gt; 1234
20,Author,Author,T,Welcome to <a href='www.google.com'>go Google</a> Welcome to <a href='www.google.com'>go Google</a> Welcome to <a href='www.google.com'>go Google</a> Welcome to <a href='www.google.com'>go Google</a> Welcome to <a href='www.google.com'>go Google</a> 1234,Welcome to <a href='www.google.com'>go Google</a> Welcome to <a href='www.google.com'>go Google</a> Welcome to <a href='www.google.com'>go Google</a> Welcome to <a href='www.google.com'>go Google</a> Welcome to <a href='www.google.com'>go Google</a> 12345,Change Author 256,Welcome to &lt;a href='www.google.com'&gt;go Google&lt;/a&gt; Welcome to &lt;a href='www.google.com'&gt;go Google&lt;/a&gt; Welcome to &lt;a href='www.google.com'&gt;go Google&lt;/a&gt; Welcome to &lt;a href='www.google.com'&gt;go Google&lt;/a&gt; Welcome to &lt;a href='www.google.com'&gt;go Google&lt;/a&gt; 1234,Welcome to &lt;a href='www.google.com'&gt;go Google&lt;/a&gt; Welcome to &lt;a href='www.google.com'&gt;go Google&lt;/a&gt; Welcome to &lt;a href='www.google.com'&gt;go Google&lt;/a&gt; Welcome to &lt;a href='www.google.com'&gt;go Google&lt;/a&gt; Welcome to &lt;a href='www.google.com'&gt;go Google&lt;/a&gt; 12345
21,Author,Author,T,Welcome to <a href='www.google.com'>go Google</a> Welcome to <a href='www.google.com'>go Google</a> Welcome to <a href='www.google.com'>go Google</a> Welcome to <a href='www.google.com'>go Google</a> Welcome to <a href='www.google.com'>go Google</a> 1234,Doxim Author,Change Author,Welcome to &lt;a href='www.google.com'&gt;go Google&lt;/a&gt; Welcome to &lt;a href='www.google.com'&gt;go Google&lt;/a&gt; Welcome to &lt;a href='www.google.com'&gt;go Google&lt;/a&gt; Welcome to &lt;a href='www.google.com'&gt;go Google&lt;/a&gt; Welcome to &lt;a href='www.google.com'&gt;go Google&lt;/a&gt; 1234,Doxim Author
